{"cameraMode":{"drawMode":0,"name":"Shaded","section":"Shading Mode"},"sceneLighting":true,"audioPlay":false,"sceneViewState":{"m_AlwaysRefresh":false,"showFog":true,"showSkybox":true,"showFlares":true,"showImageEffects":true,"showParticleSystems":true,"showVisualEffectGraphs":true,"m_FxEnabled":true},"in2DMode":false,"pivot":{"x":6.0477399826049809,"y":2.6044085025787355,"z":-20.7206974029541},"rotation":{"x":0.0011527618626132608,"y":-0.1793294996023178,"z":-0.00030853846692480147,"w":-0.9838532209396362},"size":4.091789722442627,"orthographic":false}