{"cameraMode":{"drawMode":0,"name":"Shaded","section":"Shading Mode"},"sceneLighting":true,"audioPlay":false,"sceneViewState":{"m_AlwaysRefresh":false,"showFog":true,"showSkybox":true,"showFlares":true,"showImageEffects":true,"showParticleSystems":true,"showVisualEffectGraphs":true,"m_FxEnabled":true},"in2DMode":false,"pivot":{"x":-1.1394152641296387,"y":0.3822752833366394,"z":-32.720970153808597},"rotation":{"x":-0.25066304206848147,"y":0.3184165060520172,"z":-0.08781608194112778,"w":-0.9100460410118103},"size":1.626586675643921,"orthographic":false}